name,url,stargazerCount,createdAt,pushedAt,total_prs,contributor_count,collectedAt
freeCodeCamp/freeCodeCamp,https://github.com/freeCodeCamp/freeCodeCamp,443816,2014-12-24T17:49:19Z,2026-04-29T01:09:40Z,28223,5901,2026-04-29T01:14:06Z
nilbuild/developer-roadmap,https://github.com/nilbuild/developer-roadmap,353846,2017-03-15T13:45:52Z,2026-04-27T15:19:00Z,4172,1496,2026-04-29T01:14:06Z
n8n-io/n8n,https://github.com/n8n-io/n8n,185994,2019-06-22T09:24:21Z,2026-04-28T23:25:46Z,15461,693,2026-04-29T01:14:06Z
microsoft/vscode,https://github.com/microsoft/vscode,184368,2015-09-03T20:23:38Z,2026-04-29T01:13:41Z,46268,2430,2026-04-29T01:14:06Z
excalidraw/excalidraw,https://github.com/excalidraw/excalidraw,122151,2020-01-02T01:04:43Z,2026-04-28T19:49:42Z,3868,361,2026-04-29T01:14:06Z
iptv-org/iptv,https://github.com/iptv-org/iptv,115600,2018-11-14T22:00:57Z,2026-04-29T00:30:56Z,6868,379,2026-04-29T01:14:06Z
shadcn-ui/ui,https://github.com/shadcn-ui/ui,113171,2023-01-04T12:43:27Z,2026-04-28T17:35:08Z,1177,511,2026-04-29T01:14:06Z
microsoft/TypeScript,https://github.com/microsoft/TypeScript,108696,2014-06-17T15:28:39Z,2026-04-27T19:32:49Z,14877,823,2026-04-29T01:14:06Z
supabase/supabase,https://github.com/supabase/supabase,101552,2019-10-12T05:56:49Z,2026-04-29T01:07:20Z,16588,1787,2026-04-29T01:14:06Z
angular/angular,https://github.com/angular/angular,100056,2014-09-18T16:12:01Z,2026-04-28T23:38:12Z,6214,2256,2026-04-29T01:14:09Z
immich-app/immich,https://github.com/immich-app/immich,99083,2022-02-03T15:56:27Z,2026-04-29T00:54:10Z,9139,2009,2026-04-29T01:14:09Z
ant-design/ant-design,https://github.com/ant-design/ant-design,97890,2015-04-24T15:37:24Z,2026-04-28T12:25:23Z,17437,2366,2026-04-29T01:14:09Z
tailwindlabs/tailwindcss,https://github.com/tailwindlabs/tailwindcss,94796,2017-10-06T14:59:14Z,2026-04-28T23:17:04Z,3346,348,2026-04-29T01:14:09Z
puppeteer/puppeteer,https://github.com/puppeteer/puppeteer,94220,2017-05-09T22:16:13Z,2026-04-28T11:29:43Z,5935,543,2026-04-29T01:14:09Z
storybookjs/storybook,https://github.com/storybookjs/storybook,89814,2016-03-18T04:23:44Z,2026-04-28T23:37:24Z,12517,2081,2026-04-29T01:14:09Z
mermaid-js/mermaid,https://github.com/mermaid-js/mermaid,87704,2014-11-01T23:52:32Z,2026-04-28T10:52:12Z,2673,675,2026-04-29T01:14:09Z
microsoft/playwright,https://github.com/microsoft/playwright,87557,2019-11-15T18:32:42Z,2026-04-28T22:53:02Z,16776,725,2026-04-29T01:14:09Z
vitejs/vite,https://github.com/vitejs/vite,80278,2020-04-21T05:03:57Z,2026-04-28T02:26:39Z,6242,1244,2026-04-29T01:14:09Z
hoppscotch/hoppscotch,https://github.com/hoppscotch/hoppscotch,79051,2019-08-21T13:15:24Z,2026-04-28T20:07:14Z,2088,330,2026-04-29T01:14:12Z
Stirling-Tools/Stirling-PDF,https://github.com/Stirling-Tools/Stirling-PDF,77926,2023-01-27T18:22:42Z,2026-04-28T20:44:20Z,3376,285,2026-04-29T01:14:12Z
coder/code-server,https://github.com/coder/code-server,77322,2019-02-27T16:50:41Z,2026-04-27T17:59:20Z,1673,262,2026-04-29T01:14:12Z
nestjs/nest,https://github.com/nestjs/nest,75325,2017-02-04T20:12:52Z,2026-04-29T00:56:07Z,8282,568,2026-04-29T01:14:12Z
grafana/grafana,https://github.com/grafana/grafana,73488,2013-12-11T15:59:56Z,2026-04-29T01:13:38Z,65180,3425,2026-04-29T01:14:12Z
apache/superset,https://github.com/apache/superset,72625,2015-07-21T18:55:34Z,2026-04-28T23:46:58Z,17080,1446,2026-04-29T01:14:12Z
strapi/strapi,https://github.com/strapi/strapi,72023,2015-09-30T15:34:48Z,2026-04-28T16:04:46Z,9755,1109,2026-04-29T01:14:12Z
Eugeny/tabby,https://github.com/Eugeny/tabby,70773,2016-12-23T09:06:10Z,2026-04-24T14:24:10Z,1521,167,2026-04-29T01:14:12Z
toeverything/AFFiNE,https://github.com/toeverything/AFFiNE,67810,2022-07-31T18:45:21Z,2026-04-28T19:22:05Z,9128,237,2026-04-29T01:14:12Z
apache/echarts,https://github.com/apache/echarts,66250,2013-04-03T03:18:59Z,2026-04-27T02:43:13Z,1505,283,2026-04-29T01:14:12Z
facebook/docusaurus,https://github.com/facebook/docusaurus,64752,2017-06-20T16:13:53Z,2026-04-28T14:57:39Z,5688,1305,2026-04-29T01:14:15Z
nocodb/nocodb,https://github.com/nocodb/nocodb,62875,2017-10-29T18:51:48Z,2026-04-28T20:57:02Z,6066,331,2026-04-29T01:14:15Z
reduxjs/redux,https://github.com/reduxjs/redux,61450,2015-05-29T23:53:15Z,2026-04-23T16:09:25Z,1753,1005,2026-04-29T01:14:15Z
nuxt/nuxt,https://github.com/nuxt/nuxt,60132,2016-10-26T11:18:47Z,2026-04-28T23:15:04Z,7660,1013,2026-04-29T01:14:15Z
withastro/astro,https://github.com/withastro/astro,58834,2021-03-15T17:19:47Z,2026-04-28T21:15:22Z,8594,1085,2026-04-29T01:14:15Z
remix-run/react-router,https://github.com/remix-run/react-router,56376,2014-05-16T22:22:51Z,2026-04-28T20:02:12Z,3463,1144,2026-04-29T01:14:15Z
appwrite/appwrite,https://github.com/appwrite/appwrite,55906,2019-04-08T16:36:25Z,2026-04-29T01:04:56Z,4645,371,2026-04-29T01:14:15Z
laurent22/joplin,https://github.com/laurent22/joplin,54536,2017-01-16T21:49:41Z,2026-04-28T11:40:47Z,5482,751,2026-04-29T01:14:15Z
vuejs/core,https://github.com/vuejs/core,53560,2018-06-12T13:49:36Z,2026-04-28T08:19:46Z,3776,611,2026-04-29T01:14:18Z
ionic-team/ionic-framework,https://github.com/ionic-team/ionic-framework,52482,2013-08-20T23:06:02Z,2026-04-28T23:20:35Z,6580,509,2026-04-29T01:14:18Z
DefinitelyTyped/DefinitelyTyped,https://github.com/DefinitelyTyped/DefinitelyTyped,51211,2012-10-05T16:39:45Z,2026-04-27T17:08:41Z,53124,9961,2026-04-29T01:14:18Z
cypress-io/cypress,https://github.com/cypress-io/cypress,49623,2015-03-04T00:46:28Z,2026-04-29T00:58:52Z,8237,525,2026-04-29T01:14:18Z
TanStack/query,https://github.com/TanStack/query,49253,2019-09-10T19:23:58Z,2026-04-28T22:54:39Z,3460,1068,2026-04-29T01:14:18Z
expo/expo,https://github.com/expo/expo,49080,2016-08-15T17:14:25Z,2026-04-28T23:36:20Z,21504,1837,2026-04-29T01:14:18Z
makeplane/plane,https://github.com/makeplane/plane,48501,2022-11-19T12:55:01Z,2026-04-28T20:31:46Z,6335,164,2026-04-29T01:14:18Z
pixijs/pixijs,https://github.com/pixijs/pixijs,47054,2013-01-21T22:40:50Z,2026-04-24T07:34:07Z,3834,526,2026-04-29T01:14:18Z
tldraw/tldraw,https://github.com/tldraw/tldraw,46663,2021-05-09T11:48:37Z,2026-04-28T17:08:18Z,4726,219,2026-04-29T01:14:20Z
prisma/prisma,https://github.com/prisma/prisma,45853,2019-06-20T13:33:47Z,2026-04-28T15:05:54Z,6798,370,2026-04-29T01:14:20Z
jestjs/jest,https://github.com/jestjs/jest,45335,2013-12-10T00:18:04Z,2026-04-28T12:29:12Z,5784,1586,2026-04-29T01:14:20Z
twentyhq/twenty,https://github.com/twentyhq/twenty,45289,2022-12-01T13:04:40Z,2026-04-29T01:08:15Z,11310,616,2026-04-29T01:14:20Z
RocketChat/Rocket.Chat,https://github.com/RocketChat/Rocket.Chat,45216,2015-05-19T07:36:09Z,2026-04-28T23:40:38Z,16003,959,2026-04-29T01:14:20Z
remotion-dev/remotion,https://github.com/remotion-dev/remotion,45053,2020-06-23T19:49:10Z,2026-04-28T19:13:24Z,4384,322,2026-04-29T01:14:20Z
react-hook-form/react-hook-form,https://github.com/react-hook-form/react-hook-form,44684,2019-03-05T23:47:10Z,2026-04-27T08:26:25Z,2182,392,2026-04-29T01:14:20Z
vercel/hyper,https://github.com/vercel/hyper,44587,2016-07-01T06:01:21Z,2026-04-20T12:29:35Z,3291,329,2026-04-29T01:14:20Z
streamich/react-use,https://github.com/streamich/react-use,43972,2018-10-27T10:16:05Z,2026-01-20T12:19:23Z,1533,169,2026-04-29T01:14:23Z
babel/babel,https://github.com/babel/babel,43898,2014-09-28T13:38:23Z,2026-04-28T14:41:19Z,6609,1156,2026-04-29T01:14:23Z
DIYgod/RSSHub,https://github.com/DIYgod/RSSHub,43697,2018-04-02T14:43:21Z,2026-04-28T21:28:22Z,12456,1353,2026-04-29T01:14:23Z
FuelLabs/fuels-ts,https://github.com/FuelLabs/fuels-ts,43212,2021-09-03T18:11:03Z,2026-03-27T18:21:29Z,1979,67,2026-04-29T01:14:23Z
colinhacks/zod,https://github.com/colinhacks/zod,42526,2020-03-07T20:59:08Z,2026-04-28T19:32:54Z,1015,567,2026-04-29T01:14:23Z
calcom/cal.diy,https://github.com/calcom/cal.diy,42207,2021-03-22T13:47:42Z,2026-04-28T12:13:58Z,13044,939,2026-04-29T01:14:23Z
payloadcms/payload,https://github.com/payloadcms/payload,42095,2021-01-05T18:49:45Z,2026-04-29T00:38:31Z,7014,543,2026-04-29T01:14:23Z
styled-components/styled-components,https://github.com/styled-components/styled-components,41024,2016-08-16T06:41:32Z,2026-04-28T04:19:49Z,1029,380,2026-04-29T01:14:26Z
vuetifyjs/vuetify,https://github.com/vuetifyjs/vuetify,40996,2016-09-12T00:39:35Z,2026-04-28T17:38:18Z,4698,1093,2026-04-29T01:14:26Z
chakra-ui/chakra-ui,https://github.com/chakra-ui/chakra-ui,40392,2019-08-17T14:27:54Z,2026-04-28T16:19:24Z,2959,731,2026-04-29T01:14:26Z
trpc/trpc,https://github.com/trpc/trpc,40123,2020-07-18T01:17:11Z,2026-04-28T13:06:18Z,3915,511,2026-04-29T01:14:26Z
appsmithorg/appsmith,https://github.com/appsmithorg/appsmith,39712,2020-06-30T04:07:36Z,2026-04-28T21:13:16Z,14161,335,2026-04-29T01:14:26Z
novuhq/novu,https://github.com/novuhq/novu,38891,2021-08-26T15:22:44Z,2026-04-28T18:17:46Z,7374,445,2026-04-29T01:14:26Z
Kong/insomnia,https://github.com/Kong/insomnia,38356,2016-04-23T03:54:26Z,2026-04-28T19:43:16Z,3871,365,2026-04-29T01:14:26Z
outline/outline,https://github.com/outline/outline,38316,2016-05-22T21:31:47Z,2026-04-29T01:07:46Z,4444,233,2026-04-29T01:14:26Z
ant-design/ant-design-pro,https://github.com/ant-design/ant-design-pro,38138,2017-08-25T10:40:44Z,2026-04-28T10:02:40Z,1068,365,2026-04-29T01:14:29Z
NervJS/taro,https://github.com/NervJS/taro,37441,2018-04-08T09:32:26Z,2026-04-24T12:16:22Z,3481,622,2026-04-29T01:14:29Z
portainer/portainer,https://github.com/portainer/portainer,37312,2016-05-19T20:15:28Z,2026-04-28T22:53:15Z,4785,252,2026-04-29T01:14:29Z
ueberdosis/tiptap,https://github.com/ueberdosis/tiptap,36496,2018-08-20T19:58:58Z,2026-04-28T20:01:49Z,1587,459,2026-04-29T01:14:29Z
typeorm/typeorm,https://github.com/typeorm/typeorm,36471,2016-02-29T07:41:14Z,2026-04-27T09:01:28Z,2601,1154,2026-04-29T01:14:29Z
mattermost/mattermost,https://github.com/mattermost/mattermost,36447,2015-06-15T06:50:02Z,2026-04-29T01:12:02Z,21103,1089,2026-04-29T01:14:29Z
xyflow/xyflow,https://github.com/xyflow/xyflow,36352,2019-07-15T14:47:30Z,2026-04-28T14:57:05Z,1477,128,2026-04-29T01:14:29Z
danny-avila/LibreChat,https://github.com/danny-avila/LibreChat,36223,2023-02-12T01:06:52Z,2026-04-29T01:05:51Z,3174,369,2026-04-29T01:14:31Z
lerna/lerna,https://github.com/lerna/lerna,36072,2015-12-04T09:36:55Z,2026-04-15T18:50:11Z,1055,342,2026-04-29T01:14:31Z
TriliumNext/Trilium,https://github.com/TriliumNext/Trilium,35798,2017-05-23T00:30:20Z,2026-04-28T19:19:48Z,2226,321,2026-04-29T01:14:31Z
directus/directus,https://github.com/directus/directus,34947,2012-12-12T01:35:36Z,2026-04-28T23:45:33Z,8727,513,2026-04-29T01:14:31Z
pnpm/pnpm,https://github.com/pnpm/pnpm,34766,2016-01-28T07:40:43Z,2026-04-28T22:36:05Z,3250,410,2026-04-29T01:14:31Z
refinedev/refine,https://github.com/refinedev/refine,34573,2021-01-20T12:01:32Z,2026-04-15T16:42:10Z,4688,321,2026-04-29T01:14:31Z
balena-io/etcher,https://github.com/balena-io/etcher,33579,2015-10-27T16:53:23Z,2026-04-09T13:00:56Z,1731,88,2026-04-29T01:14:33Z
backstage/backstage,https://github.com/backstage/backstage,33226,2020-01-24T22:39:49Z,2026-04-28T19:20:55Z,20953,1887,2026-04-29T01:14:33Z
medusajs/medusa,https://github.com/medusajs/medusa,32811,2020-01-18T13:39:04Z,2026-04-28T20:21:34Z,8616,451,2026-04-29T01:14:33Z
remix-run/remix,https://github.com/remix-run/remix,32660,2020-10-26T19:57:28Z,2026-04-29T01:13:20Z,3753,752,2026-04-29T01:14:33Z
floating-ui/floating-ui,https://github.com/floating-ui/floating-ui,32583,2016-03-29T17:00:47Z,2026-03-03T03:02:11Z,1209,123,2026-04-29T01:14:33Z
hasura/graphql-engine,https://github.com/hasura/graphql-engine,31966,2018-06-18T07:57:36Z,2026-04-25T02:06:58Z,2110,567,2026-04-29T01:14:33Z
motiondivision/motion,https://github.com/motiondivision/motion,31721,2018-11-16T09:48:38Z,2026-04-27T04:54:24Z,1217,139,2026-04-29T01:14:36Z
ianstormtaylor/slate,https://github.com/ianstormtaylor/slate,31641,2016-06-18T01:52:42Z,2026-04-14T01:16:57Z,1989,598,2026-04-29T01:14:36Z
blakeblackshear/frigate,https://github.com/blakeblackshear/frigate,31636,2019-01-26T13:52:38Z,2026-04-29T00:11:43Z,3945,697,2026-04-29T01:14:36Z
pear-devs/pear-desktop,https://github.com/pear-devs/pear-desktop,31460,2019-04-19T18:14:40Z,2026-04-28T16:10:01Z,1640,502,2026-04-29T01:14:36Z
refined-github/refined-github,https://github.com/refined-github/refined-github,31202,2016-02-15T16:45:02Z,2026-04-28T22:59:09Z,3710,386,2026-04-29T01:14:36Z
fabricjs/fabric.js,https://github.com/fabricjs/fabric.js,31123,2010-06-09T22:24:38Z,2026-04-28T22:54:06Z,2479,314,2026-04-29T01:14:36Z
mantinedev/mantine,https://github.com/mantinedev/mantine,31070,2021-01-07T14:02:19Z,2026-04-27T17:42:54Z,1621,748,2026-04-29T01:14:36Z
transloadit/uppy,https://github.com/transloadit/uppy,30738,2015-11-16T12:32:33Z,2026-04-24T23:29:12Z,3286,446,2026-04-29T01:14:36Z
sequelize/sequelize,https://github.com/sequelize/sequelize,30353,2010-07-22T07:11:11Z,2026-04-26T06:01:17Z,5048,1070,2026-04-29T01:14:38Z
cheeriojs/cheerio,https://github.com/cheeriojs/cheerio,30296,2011-10-09T04:23:20Z,2026-04-28T16:42:42Z,3196,145,2026-04-29T01:14:38Z
honojs/hono,https://github.com/honojs/hono,30183,2021-12-14T20:05:30Z,2026-04-25T23:37:20Z,1905,316,2026-04-29T01:14:38Z
statelyai/xstate,https://github.com/statelyai/xstate,29556,2015-09-14T15:04:15Z,2026-04-28T21:46:04Z,2053,350,2026-04-29T01:14:38Z
bigint/hey,https://github.com/bigint/hey,29441,2022-03-19T15:01:46Z,2026-03-06T10:01:55Z,3793,108,2026-04-29T01:14:38Z
jitsi/jitsi-meet,https://github.com/jitsi/jitsi-meet,29098,2013-12-16T12:51:09Z,2026-04-28T16:48:37Z,8550,549,2026-04-29T01:14:38Z
public-apis/public-apis,https://github.com/public-apis/public-apis,428176,2016-03-20T23:49:42Z,2026-03-18T16:28:22Z,1872,1234,2026-04-29T01:14:40Z
EbookFoundation/free-programming-books,https://github.com/EbookFoundation/free-programming-books,386642,2013-10-11T06:50:37Z,2026-04-24T13:32:32Z,7360,3157,2026-04-29T01:14:40Z
TheAlgorithms/Python,https://github.com/TheAlgorithms/Python,220362,2016-07-16T09:44:01Z,2026-04-13T22:10:46Z,3077,1340,2026-04-29T01:14:40Z
AUTOMATIC1111/stable-diffusion-webui,https://github.com/AUTOMATIC1111/stable-diffusion-webui,162657,2022-08-22T14:05:26Z,2026-03-02T07:00:53Z,1876,589,2026-04-29T01:14:40Z
huggingface/transformers,https://github.com/huggingface/transformers,160061,2018-10-29T13:56:00Z,2026-04-28T18:46:32Z,19262,3815,2026-04-29T01:14:40Z
yt-dlp/yt-dlp,https://github.com/yt-dlp/yt-dlp,159172,2020-10-26T04:22:55Z,2026-04-19T21:37:26Z,3266,1515,2026-04-29T01:14:40Z
langflow-ai/langflow,https://github.com/langflow-ai/langflow,147483,2023-02-08T22:28:03Z,2026-04-29T00:52:09Z,6215,350,2026-04-29T01:14:40Z
ytdl-org/youtube-dl,https://github.com/ytdl-org/youtube-dl,140156,2010-10-31T14:35:07Z,2026-02-19T16:45:25Z,1646,798,2026-04-29T01:14:46Z
langchain-ai/langchain,https://github.com/langchain-ai/langchain,135269,2022-10-17T02:58:36Z,2026-04-29T01:10:21Z,16436,3908,2026-04-29T01:14:46Z
Comfy-Org/ComfyUI,https://github.com/Comfy-Org/ComfyUI,110485,2023-01-17T03:15:56Z,2026-04-29T00:12:27Z,2460,305,2026-04-29T01:14:46Z
pytorch/pytorch,https://github.com/pytorch/pytorch,99506,2016-08-13T05:26:41Z,2026-04-29T00:54:26Z,6507,4445,2026-04-29T01:14:46Z
fastapi/fastapi,https://github.com/fastapi/fastapi,97743,2018-12-08T08:21:47Z,2026-04-28T20:47:32Z,3259,894,2026-04-29T01:14:46Z
django/django,https://github.com/django/django,87351,2012-04-28T02:47:18Z,2026-04-28T18:17:04Z,10453,2765,2026-04-29T01:14:46Z
home-assistant/core,https://github.com/home-assistant/core,86841,2013-09-17T07:29:48Z,2026-04-29T01:01:05Z,84948,4783,2026-04-29T01:14:46Z
vllm-project/vllm,https://github.com/vllm-project/vllm,78483,2023-02-09T11:23:20Z,2026-04-29T00:22:03Z,16080,2514,2026-04-29T01:14:49Z
tensorflow/models,https://github.com/tensorflow/models,77668,2016-02-05T01:15:20Z,2026-04-23T16:35:48Z,2344,953,2026-04-29T01:14:49Z
PaddlePaddle/PaddleOCR,https://github.com/PaddlePaddle/PaddleOCR,76778,2020-05-08T10:38:16Z,2026-04-28T03:51:17Z,3154,327,2026-04-29T01:14:49Z
python/cpython,https://github.com/python/cpython,72507,2017-02-10T19:23:51Z,2026-04-28T23:50:54Z,58438,3446,2026-04-29T01:14:49Z
pallets/flask,https://github.com/pallets/flask,71464,2010-04-06T11:11:59Z,2026-04-09T04:04:09Z,1629,731,2026-04-29T01:14:49Z
ansible/ansible,https://github.com/ansible/ansible,68431,2012-03-06T14:58:02Z,2026-04-28T19:53:31Z,39834,5568,2026-04-29T01:14:49Z
OpenBB-finance/OpenBB,https://github.com/OpenBB-finance/OpenBB,66662,2020-12-20T10:46:38Z,2026-04-29T00:17:18Z,4249,261,2026-04-29T01:14:52Z
scikit-learn/scikit-learn,https://github.com/scikit-learn/scikit-learn,65941,2010-08-17T09:43:38Z,2026-04-28T16:28:04Z,14348,3181,2026-04-29T01:14:52Z
localstack/localstack,https://github.com/localstack/localstack,64887,2016-10-25T23:48:03Z,2026-03-23T08:52:01Z,6814,617,2026-04-29T01:14:52Z
keras-team/keras,https://github.com/keras-team/keras,64050,2015-03-28T00:35:42Z,2026-04-28T23:46:05Z,4907,1412,2026-04-29T01:14:52Z
scrapy/scrapy,https://github.com/scrapy/scrapy,61486,2010-02-22T02:01:14Z,2026-04-28T16:19:29Z,2526,601,2026-04-29T01:14:52Z
commaai/openpilot,https://github.com/commaai/openpilot,60746,2016-11-24T01:33:30Z,2026-04-29T00:57:50Z,12835,675,2026-04-29T01:14:52Z
ultralytics/yolov5,https://github.com/ultralytics/yolov5,57311,2020-05-18T03:45:11Z,2026-04-27T22:40:15Z,2257,353,2026-04-29T01:14:56Z
ultralytics/ultralytics,https://github.com/ultralytics/ultralytics,56545,2022-09-11T16:39:45Z,2026-04-28T23:15:11Z,4492,520,2026-04-29T01:14:56Z
psf/requests,https://github.com/psf/requests,53935,2011-02-13T18:38:17Z,2026-04-27T15:08:18Z,1649,655,2026-04-29T01:14:56Z
odoo/odoo,https://github.com/odoo/odoo,50363,2014-05-13T15:38:58Z,2026-04-29T01:12:42Z,6182,3624,2026-04-29T01:14:56Z
freqtrade/freqtrade,https://github.com/freqtrade/freqtrade,49540,2017-05-17T23:48:53Z,2026-04-28T18:11:04Z,6457,328,2026-04-29T01:14:56Z
run-llama/llama_index,https://github.com/run-llama/llama_index,49015,2022-11-02T04:24:54Z,2026-04-28T19:08:48Z,7804,1861,2026-04-29T01:15:00Z
pandas-dev/pandas,https://github.com/pandas-dev/pandas,48604,2010-08-24T01:37:33Z,2026-04-29T00:18:16Z,28549,3716,2026-04-29T01:15:00Z
oobabooga/textgen,https://github.com/oobabooga/textgen,46880,2022-12-21T04:17:37Z,2026-04-27T23:34:27Z,1264,380,2026-04-29T01:15:00Z
apache/airflow,https://github.com/apache/airflow,45224,2015-04-13T18:04:58Z,2026-04-28T23:19:51Z,36140,3808,2026-04-29T01:15:00Z
streamlit/streamlit,https://github.com/streamlit/streamlit,44387,2019-08-24T00:14:52Z,2026-04-28T22:14:11Z,7291,343,2026-04-29T01:15:00Z
SimplifyJobs/Summer2026-Internships,https://github.com/SimplifyJobs/Summer2026-Internships,44345,2020-05-23T20:53:18Z,2026-04-29T01:01:22Z,1674,832,2026-04-29T01:15:00Z
getsentry/sentry,https://github.com/getsentry/sentry,43721,2010-08-30T22:06:41Z,2026-04-29T01:12:20Z,85156,927,2026-04-29T01:15:00Z
mitmproxy/mitmproxy,https://github.com/mitmproxy/mitmproxy,43310,2010-02-16T04:10:13Z,2026-04-28T18:25:50Z,2761,539,2026-04-29T01:15:03Z
gradio-app/gradio,https://github.com/gradio-app/gradio,42458,2018-12-19T08:24:04Z,2026-04-28T20:59:39Z,5500,499,2026-04-29T01:15:03Z
ray-project/ray,https://github.com/ray-project/ray,42359,2016-10-25T19:38:30Z,2026-04-29T00:48:57Z,30803,1436,2026-04-29T01:15:03Z
deepspeedai/DeepSpeed,https://github.com/deepspeedai/DeepSpeed,42215,2020-01-23T18:35:18Z,2026-04-29T00:52:58Z,2993,481,2026-04-29T01:15:03Z
ccxt/ccxt,https://github.com/ccxt/ccxt,42114,2017-05-14T15:41:56Z,2026-04-28T05:56:29Z,14473,752,2026-04-29T01:15:03Z
psf/black,https://github.com/psf/black,41489,2018-03-14T19:54:45Z,2026-04-27T21:29:43Z,1777,516,2026-04-29T01:15:03Z
hpcaitech/ColossalAI,https://github.com/hpcaitech/ColossalAI,41376,2021-10-28T16:19:44Z,2026-04-27T17:41:15Z,3708,189,2026-04-29T01:15:03Z
paperless-ngx/paperless-ngx,https://github.com/paperless-ngx/paperless-ngx,40008,2022-02-12T21:56:52Z,2026-04-29T01:04:48Z,3188,388,2026-04-29T01:15:05Z
vnpy/vnpy,https://github.com/vnpy/vnpy,39938,2015-03-02T03:36:58Z,2026-04-22T07:37:04Z,1064,124,2026-04-29T01:15:05Z
agno-agi/agno,https://github.com/agno-agi/agno,39757,2022-05-04T15:23:02Z,2026-04-28T22:06:43Z,3112,434,2026-04-29T01:15:05Z
mindsdb/mindsdb,https://github.com/mindsdb/mindsdb,39077,2018-08-02T17:56:45Z,2026-04-28T20:35:47Z,5909,824,2026-04-29T01:15:05Z
roboflow/supervision,https://github.com/roboflow/supervision,38248,2022-11-28T14:08:44Z,2026-04-28T07:06:34Z,1180,186,2026-04-29T01:15:05Z
ManimCommunity/manim,https://github.com/ManimCommunity/manim,37998,2020-05-19T02:37:13Z,2026-04-21T18:07:15Z,2054,466,2026-04-29T01:15:05Z
openai/gym,https://github.com/openai/gym,37177,2016-04-27T14:59:16Z,2026-03-26T23:13:27Z,1000,4204,2026-04-29T01:15:05Z
Textualize/textual,https://github.com/Textualize/textual,35634,2021-04-08T15:24:47Z,2026-04-26T14:22:56Z,2296,196,2026-04-29T01:15:08Z
jax-ml/jax,https://github.com/jax-ml/jax,35506,2018-10-25T21:25:02Z,2026-04-29T01:11:23Z,18905,955,2026-04-29T01:15:08Z
geekcomputers/Python,https://github.com/geekcomputers/Python,34989,2011-11-30T09:04:08Z,2026-03-23T10:43:19Z,2018,754,2026-04-29T01:15:08Z
python-poetry/poetry,https://github.com/python-poetry/poetry,34279,2018-02-28T15:23:47Z,2026-04-28T11:43:24Z,2476,634,2026-04-29T01:15:11Z
PostHog/posthog,https://github.com/PostHog/posthog,34141,2020-01-23T22:46:58Z,2026-04-29T01:02:03Z,39245,456,2026-04-29T01:15:11Z
stanfordnlp/dspy,https://github.com/stanfordnlp/dspy,34064,2023-01-09T21:01:51Z,2026-04-28T18:18:18Z,1538,412,2026-04-29T01:15:11Z
explosion/spaCy,https://github.com/explosion/spaCy,33523,2014-07-03T15:15:40Z,2026-03-28T20:59:29Z,3602,687,2026-04-29T01:15:11Z
huggingface/diffusers,https://github.com/huggingface/diffusers,33494,2022-05-30T16:04:02Z,2026-04-28T19:20:25Z,5664,1228,2026-04-29T01:15:11Z
frappe/erpnext,https://github.com/frappe/erpnext,33268,2011-06-08T08:20:56Z,2026-04-28T21:03:33Z,29625,735,2026-04-29T01:15:11Z
certbot/certbot,https://github.com/certbot/certbot,33013,2014-11-12T02:52:20Z,2026-04-28T22:16:29Z,4093,480,2026-04-29T01:15:11Z
kovidgoyal/kitty,https://github.com/kovidgoyal/kitty,32630,2016-10-16T14:48:28Z,2026-04-28T21:25:33Z,1337,405,2026-04-29T01:15:11Z
tinygrad/tinygrad,https://github.com/tinygrad/tinygrad,32580,2020-10-18T16:23:12Z,2026-04-29T01:14:12Z,11121,465,2026-04-29T01:15:14Z
numpy/numpy,https://github.com/numpy/numpy,31922,2010-09-13T23:02:39Z,2026-04-28T20:40:15Z,14135,1865,2026-04-29T01:15:14Z
OWASP/CheatSheetSeries,https://github.com/OWASP/CheatSheetSeries,31880,2018-12-21T14:26:43Z,2026-04-28T18:42:57Z,1244,611,2026-04-29T01:15:14Z
dgtlmoon/changedetection.io,https://github.com/dgtlmoon/changedetection.io,31275,2021-01-27T16:03:30Z,2026-04-28T09:47:15Z,1114,133,2026-04-29T01:15:14Z
Lightning-AI/pytorch-lightning,https://github.com/Lightning-AI/pytorch-lightning,31092,2019-03-31T00:45:57Z,2026-04-28T17:33:59Z,9392,1032,2026-04-29T01:15:14Z
AstrBotDevs/AstrBot,https://github.com/AstrBotDevs/AstrBot,30910,2022-12-08T13:27:46Z,2026-04-29T00:49:05Z,1231,282,2026-04-29T01:15:14Z
openai/openai-python,https://github.com/openai/openai-python,30624,2020-10-25T23:23:54Z,2026-04-28T22:21:48Z,1062,2333,2026-04-29T01:15:14Z
jumpserver/jumpserver,https://github.com/jumpserver/jumpserver,30361,2014-07-04T03:54:59Z,2026-04-28T06:23:25Z,7899,132,2026-04-29T01:15:17Z
encode/django-rest-framework,https://github.com/encode/django-rest-framework,29990,2011-03-02T17:13:56Z,2026-04-28T07:27:54Z,3137,1232,2026-04-29T01:15:17Z
searxng/searxng,https://github.com/searxng/searxng,29147,2021-04-12T15:18:15Z,2026-04-29T01:04:10Z,2866,273,2026-04-29T01:15:17Z
python-telegram-bot/python-telegram-bot,https://github.com/python-telegram-bot/python-telegram-bot,29071,2015-07-07T15:30:39Z,2026-04-26T01:57:30Z,1829,235,2026-04-29T01:15:17Z
Ebazhanov/linkedin-skill-assessments-quizzes,https://github.com/Ebazhanov/linkedin-skill-assessments-quizzes,28726,2019-07-13T19:52:56Z,2026-04-26T14:00:19Z,5769,1619,2026-04-29T01:15:20Z
getredash/redash,https://github.com/getredash/redash,28542,2013-10-28T13:19:39Z,2026-04-19T07:47:09Z,3317,499,2026-04-29T01:15:20Z
celery/celery,https://github.com/celery/celery,28418,2009-04-24T11:31:24Z,2026-04-27T16:52:24Z,2864,1257,2026-04-29T01:15:20Z
reflex-dev/reflex,https://github.com/reflex-dev/reflex,28316,2022-10-25T03:08:48Z,2026-04-29T00:43:45Z,3000,194,2026-04-29T01:15:20Z
locustio/locust,https://github.com/locustio/locust,27742,2011-02-17T11:08:03Z,2026-04-28T09:26:41Z,1162,319,2026-04-29T01:15:20Z
pydantic/pydantic,https://github.com/pydantic/pydantic,27622,2017-05-03T21:23:58Z,2026-04-24T07:37:12Z,3884,748,2026-04-29T01:15:20Z
squidfunk/mkdocs-material,https://github.com/squidfunk/mkdocs-material,26633,2016-01-28T22:09:23Z,2026-04-23T13:38:16Z,1650,364,2026-04-29T01:15:23Z
mlflow/mlflow,https://github.com/mlflow/mlflow,25619,2018-06-05T16:05:58Z,2026-04-29T01:11:46Z,13552,1036,2026-04-29T01:15:23Z
zulip/zulip,https://github.com/zulip/zulip,25104,2015-09-25T16:37:25Z,2026-04-28T20:43:35Z,16597,2799,2026-04-29T01:15:23Z
pypa/pipenv,https://github.com/pypa/pipenv,25086,2017-01-20T00:44:02Z,2026-04-28T11:43:51Z,1780,509,2026-04-29T01:15:23Z
kovidgoyal/calibre,https://github.com/kovidgoyal/calibre,24728,2013-05-28T10:03:23Z,2026-04-28T09:56:23Z,2664,377,2026-04-29T01:15:26Z
plotly/dash,https://github.com/plotly/dash,24160,2015-04-10T01:53:08Z,2026-04-28T20:44:28Z,1105,215,2026-04-29T01:15:26Z
pyg-team/pytorch_geometric,https://github.com/pyg-team/pytorch_geometric,23705,2017-10-06T16:03:03Z,2026-04-18T02:18:07Z,3110,550,2026-04-29T01:15:26Z
timqian/chinese-independent-blogs,https://github.com/timqian/chinese-independent-blogs,23206,2019-10-22T09:22:45Z,2026-04-25T12:15:21Z,1752,1314,2026-04-29T01:15:26Z
saleor/saleor,https://github.com/saleor/saleor,22859,2013-02-12T16:46:39Z,2026-04-28T16:50:57Z,10969,261,2026-04-29T01:15:29Z
matplotlib/matplotlib,https://github.com/matplotlib/matplotlib,22750,2011-02-19T03:17:12Z,2026-04-28T21:57:27Z,17003,1622,2026-04-29T01:15:29Z
PrefectHQ/prefect,https://github.com/PrefectHQ/prefect,22271,2018-06-29T21:59:26Z,2026-04-29T00:31:50Z,11957,421,2026-04-29T01:15:29Z
tornadoweb/tornado,https://github.com/tornadoweb/tornado,22222,2009-09-09T04:55:16Z,2026-03-31T00:51:40Z,1082,396,2026-04-29T01:15:29Z
emmabostian/developer-portfolios,https://github.com/emmabostian/developer-portfolios,22200,2019-09-13T14:18:58Z,2026-04-28T12:54:51Z,2501,1977,2026-04-29T01:15:29Z
recommenders-team/recommenders,https://github.com/recommenders-team/recommenders,21664,2018-09-19T10:06:07Z,2026-04-28T12:12:00Z,1164,118,2026-04-29T01:15:32Z
huggingface/datasets,https://github.com/huggingface/datasets,21463,2020-03-26T09:23:22Z,2026-04-27T15:47:47Z,3825,740,2026-04-29T01:15:32Z
goauthentik/authentik,https://github.com/goauthentik/authentik,21247,2019-12-30T09:19:48Z,2026-04-29T00:29:44Z,15477,529,2026-04-29T01:15:32Z
airbytehq/airbyte,https://github.com/airbytehq/airbyte,21151,2020-07-27T23:55:54Z,2026-04-29T01:14:14Z,46038,1149,2026-04-29T01:15:32Z
RasaHQ/rasa,https://github.com/RasaHQ/rasa,21144,2016-10-14T12:27:49Z,2026-01-29T19:10:46Z,4254,474,2026-04-29T01:15:32Z
huggingface/peft,https://github.com/huggingface/peft,21012,2022-11-25T03:51:09Z,2026-04-27T09:21:11Z,1369,419,2026-04-29T01:15:35Z
onnx/onnx,https://github.com/onnx/onnx,20731,2017-09-07T04:53:45Z,2026-04-28T23:39:50Z,3575,356,2026-04-29T01:15:35Z
facebook/react,https://github.com/facebook/react,244750,2013-05-24T16:15:54Z,2026-04-27T21:50:04Z,12831,1792,2026-04-29T01:15:38Z
vercel/next.js,https://github.com/vercel/next.js,139209,2016-10-05T23:32:51Z,2026-04-29T00:27:02Z,26822,3822,2026-04-29T01:15:38Z
nodejs/node,https://github.com/nodejs/node,116965,2014-11-26T19:57:11Z,2026-04-28T22:14:23Z,12232,3703,2026-04-29T01:15:38Z
mrdoob/three.js,https://github.com/mrdoob/three.js,112222,2010-03-23T18:58:01Z,2026-04-28T21:15:17Z,15450,2042,2026-04-29T01:15:38Z
axios/axios,https://github.com/axios/axios,109030,2014-08-18T22:30:27Z,2026-04-28T17:44:40Z,1300,581,2026-04-29T01:15:38Z
mui/material-ui,https://github.com/mui/material-ui,98253,2014-08-18T19:11:54Z,2026-04-28T22:52:12Z,21820,3099,2026-04-29T01:15:38Z
sveltejs/svelte,https://github.com/sveltejs/svelte,86444,2016-11-20T18:13:05Z,2026-04-28T09:03:59Z,6624,859,2026-04-29T01:15:41Z
louislam/uptime-kuma,https://github.com/louislam/uptime-kuma,86025,2021-07-03T01:02:42Z,2026-04-29T00:19:55Z,1724,946,2026-04-29T01:15:41Z
anuraghazra/github-readme-stats,https://github.com/anuraghazra/github-readme-stats,79189,2020-07-09T10:34:22Z,2026-03-31T00:50:07Z,1568,313,2026-04-29T01:15:41Z
chartjs/Chart.js,https://github.com/chartjs/Chart.js,67397,2013-03-17T23:56:36Z,2026-04-16T11:49:43Z,3017,495,2026-04-29T01:15:41Z
webpack/webpack,https://github.com/webpack/webpack,65782,2012-03-10T10:08:14Z,2026-04-28T21:11:57Z,5696,843,2026-04-29T01:15:43Z
gatsbyjs/gatsby,https://github.com/gatsbyjs/gatsby,55950,2015-05-21T22:43:05Z,2026-04-24T20:50:20Z,18292,3936,2026-04-29T01:15:43Z
mozilla/pdf.js,https://github.com/mozilla/pdf.js,53208,2011-04-26T06:32:03Z,2026-04-28T19:37:08Z,8759,421,2026-04-29T01:15:43Z
TryGhost/Ghost,https://github.com/TryGhost/Ghost,52700,2013-05-04T11:09:13Z,2026-04-28T23:31:37Z,16351,711,2026-04-29T01:15:43Z
prettier/prettier,https://github.com/prettier/prettier,51832,2016-11-29T17:13:37Z,2026-04-28T08:46:50Z,9739,773,2026-04-29T01:15:46Z
poteto/hiring-without-whiteboards,https://github.com/poteto/hiring-without-whiteboards,50585,2017-03-15T05:09:01Z,2026-02-27T02:58:49Z,1309,1012,2026-04-29T01:15:46Z
bigskysoftware/htmx,https://github.com/bigskysoftware/htmx,47910,2020-04-13T16:17:51Z,2026-04-28T22:29:03Z,1093,451,2026-04-29T01:15:46Z
serverless/serverless,https://github.com/serverless/serverless,46920,2015-04-21T03:48:40Z,2026-04-28T13:35:53Z,4925,1014,2026-04-29T01:15:46Z
Leaflet/Leaflet,https://github.com/Leaflet/Leaflet,44929,2010-09-22T16:57:44Z,2026-04-20T14:49:55Z,3276,875,2026-04-29T01:15:49Z
meteor/meteor,https://github.com/meteor/meteor,44766,2012-01-19T01:58:17Z,2026-04-28T23:55:41Z,2786,791,2026-04-29T01:15:49Z
parcel-bundler/parcel,https://github.com/parcel-bundler/parcel,44035,2017-08-07T16:36:47Z,2026-04-27T05:10:32Z,2600,414,2026-04-29T01:15:49Z
usebruno/bruno,https://github.com/usebruno/bruno,43350,2022-09-27T20:51:45Z,2026-04-28T13:43:53Z,2207,431,2026-04-29T01:15:49Z
yarnpkg/yarn,https://github.com/yarnpkg/yarn,41512,2016-01-19T17:39:16Z,2026-04-27T23:19:26Z,1655,525,2026-04-29T01:15:49Z
videojs/video.js,https://github.com/videojs/video.js,39711,2010-05-14T18:45:10Z,2026-03-11T20:25:34Z,1821,470,2026-04-29T01:15:52Z
phaserjs/phaser,https://github.com/phaserjs/phaser,39525,2013-04-12T12:27:51Z,2026-04-28T02:28:07Z,1739,578,2026-04-29T01:15:52Z
preactjs/preact,https://github.com/preactjs/preact,38581,2015-09-11T02:40:18Z,2026-04-08T06:05:26Z,2003,345,2026-04-29T01:15:52Z
ToolJet/ToolJet,https://github.com/ToolJet/ToolJet,37811,2021-03-30T08:51:34Z,2026-04-28T18:20:49Z,8215,666,2026-04-29T01:15:52Z
markedjs/marked,https://github.com/markedjs/marked,36769,2011-07-24T13:15:51Z,2026-04-21T02:52:38Z,1678,209,2026-04-29T01:15:52Z
fastify/fastify,https://github.com/fastify/fastify,36140,2016-09-28T19:10:14Z,2026-04-28T06:56:08Z,3311,828,2026-04-29T01:15:52Z
GoogleChrome/lighthouse,https://github.com/GoogleChrome/lighthouse,30106,2016-03-08T01:03:11Z,2026-04-28T21:26:52Z,5600,377,2026-04-29T01:15:57Z
gethomepage/homepage,https://github.com/gethomepage/homepage,29801,2022-08-24T07:29:42Z,2026-04-29T01:04:42Z,1176,455,2026-04-29T01:15:57Z
swagger-api/swagger-ui,https://github.com/swagger-api/swagger-ui,28769,2011-07-15T22:56:39Z,2026-04-27T12:56:12Z,3407,563,2026-04-29T01:16:00Z
Automattic/mongoose,https://github.com/Automattic/mongoose,27478,2010-04-06T21:39:05Z,2026-04-28T20:40:46Z,3775,1027,2026-04-29T01:16:00Z
eslint/eslint,https://github.com/eslint/eslint,27218,2013-06-29T23:59:48Z,2026-04-28T21:23:58Z,6983,1082,2026-04-29T01:16:03Z
ajaxorg/ace,https://github.com/ajaxorg/ace,27135,2010-10-27T10:43:36Z,2026-04-21T19:31:34Z,1940,513,2026-04-29T01:16:03Z
quasarframework/quasar,https://github.com/quasarframework/quasar,27134,2015-10-05T15:45:36Z,2026-04-28T13:52:09Z,3692,751,2026-04-29T01:16:03Z
SillyTavern/SillyTavern,https://github.com/SillyTavern/SillyTavern,26559,2023-02-09T10:19:24Z,2026-04-29T00:26:31Z,2297,330,2026-04-29T01:16:03Z
badges/shields,https://github.com/badges/shields,26520,2013-01-30T07:41:54Z,2026-04-26T13:34:21Z,7393,548,2026-04-29T01:16:05Z
rollup/rollup,https://github.com/rollup/rollup,26271,2015-05-14T22:26:28Z,2026-04-28T13:17:02Z,2388,453,2026-04-29T01:16:05Z
simple-icons/simple-icons,https://github.com/simple-icons/simple-icons,25008,2012-11-16T11:09:13Z,2026-04-26T14:33:04Z,6263,836,2026-04-29T01:16:08Z
highlightjs/highlight.js,https://github.com/highlightjs/highlight.js,24907,2011-01-01T23:47:21Z,2025-10-27T17:01:56Z,1516,734,2026-04-29T01:16:08Z
ramda/ramda,https://github.com/ramda/ramda,24084,2013-06-21T20:32:35Z,2026-01-22T07:16:29Z,1333,331,2026-04-29T01:16:08Z
processing/p5.js,https://github.com/processing/p5.js,23640,2013-02-26T03:14:47Z,2026-04-28T13:34:52Z,3425,760,2026-04-29T01:16:11Z
semantic-release/semantic-release,https://github.com/semantic-release/semantic-release,23599,2014-09-15T16:18:28Z,2026-04-27T05:47:05Z,1609,256,2026-04-29T01:16:11Z
MagicMirrorOrg/MagicMirror,https://github.com/MagicMirrorOrg/MagicMirror,23488,2014-02-19T15:48:09Z,2026-04-28T19:42:38Z,1714,341,2026-04-29T01:16:11Z
node-red/node-red,https://github.com/node-red/node-red,23071,2013-09-05T13:30:47Z,2026-04-28T18:09:00Z,2263,247,2026-04-29T01:16:11Z
mochajs/mocha,https://github.com/mochajs/mocha,22885,2011-03-07T18:44:25Z,2026-04-28T01:15:35Z,1551,524,2026-04-29T01:16:11Z
4ian/GDevelop,https://github.com/4ian/GDevelop,22465,2014-06-29T19:58:38Z,2026-04-28T16:28:46Z,4529,103,2026-04-29T01:16:13Z
handsontable/handsontable,https://github.com/handsontable/handsontable,21874,2011-05-23T22:38:58Z,2026-04-28T16:56:42Z,2998,144,2026-04-29T01:16:16Z
jsdom/jsdom,https://github.com/jsdom/jsdom,21563,2010-01-19T06:55:19Z,2026-04-27T02:01:38Z,1025,304,2026-04-29T01:16:16Z
parse-community/parse-server,https://github.com/parse-community/parse-server,21382,2016-01-28T18:29:14Z,2026-04-26T02:13:16Z,4253,318,2026-04-29T01:16:19Z
wekan/wekan,https://github.com/wekan/wekan,20911,2014-01-21T01:26:28Z,2026-04-28T21:57:34Z,1427,282,2026-04-29T01:16:19Z
avajs/ava,https://github.com/avajs/ava,20848,2014-11-18T17:20:26Z,2026-04-27T20:05:36Z,1103,308,2026-04-29T01:16:19Z
sveltejs/kit,https://github.com/sveltejs/kit,20468,2020-10-15T14:00:23Z,2026-04-28T19:34:57Z,6060,661,2026-04-29T01:16:21Z
knex/knex,https://github.com/knex/knex,20268,2012-12-29T05:18:25Z,2026-04-10T10:06:12Z,1551,644,2026-04-29T01:16:21Z
mdx-js/mdx,https://github.com/mdx-js/mdx,19455,2017-12-24T00:01:48Z,2026-04-28T13:11:32Z,1112,191,2026-04-29T01:16:24Z
decaporg/decap-cms,https://github.com/decaporg/decap-cms,19019,2015-01-20T05:47:47Z,2026-04-26T00:50:48Z,2840,568,2026-04-29T01:16:24Z
youzan/vant-weapp,https://github.com/youzan/vant-weapp,18366,2017-01-23T07:05:54Z,2026-04-02T11:23:20Z,1698,177,2026-04-29T01:16:24Z
plotly/plotly.js,https://github.com/plotly/plotly.js,18176,2015-11-05T23:27:17Z,2026-04-28T23:05:44Z,2783,304,2026-04-29T01:16:27Z
emotion-js/emotion,https://github.com/emotion-js/emotion,18011,2017-05-27T04:23:45Z,2025-11-04T12:47:00Z,1103,311,2026-04-29T01:16:27Z
pinojs/pino,https://github.com/pinojs/pino,17754,2016-02-16T14:14:29Z,2026-04-24T14:49:09Z,1008,356,2026-04-29T01:16:27Z
apache/pouchdb,https://github.com/apache/pouchdb,17568,2010-06-10T18:34:24Z,2026-04-24T06:37:32Z,1874,395,2026-04-29T01:16:30Z
aframevr/aframe,https://github.com/aframevr/aframe,17524,2015-09-15T02:04:40Z,2026-04-14T18:15:41Z,2063,421,2026-04-29T01:16:30Z
CesiumGS/cesium,https://github.com/CesiumGS/cesium,15214,2012-03-02T22:27:14Z,2026-04-29T00:03:04Z,5920,415,2026-04-29T01:16:35Z
NodeBB/NodeBB,https://github.com/NodeBB/NodeBB,15053,2013-04-22T16:49:40Z,2026-04-28T13:31:26Z,4595,224,2026-04-29T01:16:35Z
ampproject/amphtml,https://github.com/ampproject/amphtml,14906,2015-09-01T22:10:53Z,2026-04-27T22:36:52Z,20732,1166,2026-04-29T01:16:35Z
playcanvas/engine,https://github.com/playcanvas/engine,14839,2014-05-12T11:24:30Z,2026-04-28T09:52:24Z,5254,140,2026-04-29T01:16:38Z
hapijs/hapi,https://github.com/hapijs/hapi,14782,2011-08-06T00:35:39Z,2026-04-02T08:28:56Z,1144,219,2026-04-29T01:16:38Z
MithrilJS/mithril.js,https://github.com/MithrilJS/mithril.js,14507,2014-03-17T01:59:39Z,2026-02-16T19:46:08Z,1034,245,2026-04-29T01:16:38Z
bootstrap-vue/bootstrap-vue,https://github.com/bootstrap-vue/bootstrap-vue,14461,2016-10-08T15:59:35Z,2026-04-02T09:36:34Z,3308,340,2026-04-29T01:16:40Z
marko-js/marko,https://github.com/marko-js/marko,14363,2014-01-07T23:58:21Z,2026-04-28T18:02:04Z,1936,124,2026-04-29T01:16:40Z
zotero/zotero,https://github.com/zotero/zotero,14022,2011-10-27T07:46:48Z,2026-04-28T17:34:03Z,1325,87,2026-04-29T01:16:40Z
cockpit-project/cockpit,https://github.com/cockpit-project/cockpit,13968,2013-11-01T17:36:46Z,2026-04-28T18:26:18Z,10009,228,2026-04-29T01:16:40Z
HabitRPG/habitica,https://github.com/HabitRPG/habitica,13854,2012-06-06T22:49:48Z,2026-04-10T16:49:57Z,5168,953,2026-04-29T01:16:43Z
shipshapecode/shepherd,https://github.com/shipshapecode/shepherd,13734,2013-12-17T06:30:27Z,2026-04-20T11:38:22Z,2280,105,2026-04-29T01:16:43Z
rabbitmq/rabbitmq-server,https://github.com/rabbitmq/rabbitmq-server,13626,2010-09-20T10:29:16Z,2026-04-29T01:15:02Z,9785,288,2026-04-29T01:16:43Z
codesandbox/codesandbox-client,https://github.com/codesandbox/codesandbox-client,13607,2016-12-27T13:04:17Z,2026-04-13T09:56:50Z,3612,293,2026-04-29T01:16:43Z
RaspberryPiFoundation/blockly,https://github.com/RaspberryPiFoundation/blockly,13391,2013-10-25T21:13:33Z,2026-04-27T20:32:04Z,5382,298,2026-04-29T01:16:45Z
nock/nock,https://github.com/nock/nock,13101,2011-09-22T10:08:03Z,2026-04-21T09:32:10Z,1163,264,2026-04-29T01:16:45Z
PrismJS/prism,https://github.com/PrismJS/prism,12970,2012-07-10T19:47:14Z,2026-04-21T19:50:56Z,1750,359,2026-04-29T01:16:47Z
GoogleChrome/workbox,https://github.com/GoogleChrome/workbox,12938,2016-04-04T15:55:19Z,2026-04-27T13:25:30Z,1211,124,2026-04-29T01:16:47Z
nasa/openmct,https://github.com/nasa/openmct,12931,2015-06-02T18:40:28Z,2026-04-28T22:50:05Z,3100,93,2026-04-29T01:16:47Z
mailcow/mailcow-dockerized,https://github.com/mailcow/mailcow-dockerized,12645,2016-12-09T19:38:35Z,2026-04-16T11:21:17Z,1830,391,2026-04-29T01:16:47Z
TheOdinProject/curriculum,https://github.com/TheOdinProject/curriculum,12415,2013-06-11T03:22:30Z,2026-04-26T14:19:09Z,25478,6875,2026-04-29T01:16:51Z
reactioncommerce/reaction,https://github.com/reactioncommerce/reaction,12410,2013-09-18T15:30:36Z,2026-03-01T22:35:00Z,2585,169,2026-04-29T01:16:51Z
openlayers/openlayers,https://github.com/openlayers/openlayers,12405,2012-06-20T06:53:59Z,2026-04-27T06:35:47Z,9044,409,2026-04-29T01:16:51Z
projectdiscovery/nuclei-templates,https://github.com/projectdiscovery/nuclei-templates,12255,2020-04-04T16:21:34Z,2026-04-29T01:01:06Z,11315,1030,2026-04-29T01:16:51Z
wix/Detox,https://github.com/wix/Detox,11901,2016-06-15T11:58:01Z,2026-04-27T10:24:49Z,1493,306,2026-04-29T01:16:53Z
vega/vega,https://github.com/vega/vega,11855,2013-02-03T18:36:30Z,2026-04-16T14:20:55Z,1381,151,2026-04-29T01:16:57Z
wenzhixin/bootstrap-table,https://github.com/wenzhixin/bootstrap-table,11818,2013-08-20T15:34:15Z,2026-04-29T00:00:46Z,2364,314,2026-04-29T01:16:57Z
reactjs/react.dev,https://github.com/reactjs/react.dev,11741,2017-10-06T03:16:04Z,2026-04-09T15:35:10Z,2971,2029,2026-04-29T01:16:57Z
WordPress/gutenberg,https://github.com/WordPress/gutenberg,11633,2017-02-03T19:34:19Z,2026-04-29T00:44:53Z,34422,1424,2026-04-29T01:16:57Z
stylelint/stylelint,https://github.com/stylelint/stylelint,11450,2014-12-04T16:25:23Z,2026-04-28T06:20:27Z,4771,430,2026-04-29T01:16:57Z
tangly1024/NotionNext,https://github.com/tangly1024/NotionNext,11368,2021-09-26T07:23:22Z,2026-04-28T14:07:48Z,1010,87,2026-04-29T01:16:59Z
PipedreamHQ/pipedream,https://github.com/PipedreamHQ/pipedream,11285,2020-01-22T00:28:31Z,2026-04-29T01:08:43Z,6471,299,2026-04-29T01:16:59Z
is-a-dev/register,https://github.com/is-a-dev/register,10193,2020-10-04T20:05:28Z,2026-04-27T20:01:19Z,19546,9849,2026-04-29T01:17:10Z
webtorrent/webtorrent-desktop,https://github.com/webtorrent/webtorrent-desktop,10050,2015-05-04T05:21:35Z,2026-04-20T05:02:52Z,1020,89,2026-04-29T01:17:10Z
DevExpress/testcafe,https://github.com/DevExpress/testcafe,9914,2015-04-20T13:43:28Z,2026-04-15T18:50:49Z,3045,119,2026-04-29T01:17:12Z
WebKit/WebKit,https://github.com/WebKit/WebKit,9777,2020-12-11T17:11:43Z,2026-04-29T01:14:24Z,57310,1172,2026-04-29T01:17:12Z
sinonjs/sinon,https://github.com/sinonjs/sinon,9760,2010-06-29T21:15:32Z,2026-04-13T17:15:01Z,1105,335,2026-04-29T01:17:12Z
Snailclimb/JavaGuide,https://github.com/Snailclimb/JavaGuide,155280,2018-05-07T13:27:00Z,2026-04-25T16:01:15Z,1237,629,2026-04-29T01:17:16Z
iluwatar/java-design-patterns,https://github.com/iluwatar/java-design-patterns,93958,2014-08-09T16:45:18Z,2026-03-20T21:23:33Z,1520,457,2026-04-29T01:17:16Z
elastic/elasticsearch,https://github.com/elastic/elasticsearch,76608,2010-02-08T13:20:56Z,2026-04-29T01:09:40Z,89815,4061,2026-04-29T01:17:16Z
TheAlgorithms/Java,https://github.com/TheAlgorithms/Java,65488,2016-07-16T10:21:02Z,2026-04-27T18:42:34Z,2307,817,2026-04-29T01:17:16Z
google/guava,https://github.com/google/guava,51498,2014-05-29T16:23:17Z,2026-04-28T20:36:17Z,1287,331,2026-04-29T01:17:19Z
dbeaver/dbeaver,https://github.com/dbeaver/dbeaver,49784,2015-10-21T08:26:28Z,2026-04-28T17:32:47Z,6915,415,2026-04-29T01:17:19Z
ReactiveX/RxJava,https://github.com/ReactiveX/RxJava,48289,2013-01-08T20:11:48Z,2026-04-22T07:18:42Z,3427,311,2026-04-29T01:17:19Z
apache/dubbo,https://github.com/apache/dubbo,41567,2012-06-19T07:56:02Z,2026-04-27T07:34:12Z,6073,689,2026-04-29T01:17:19Z
halo-dev/halo,https://github.com/halo-dev/halo,38398,2018-03-21T12:56:52Z,2026-04-28T16:33:42Z,3028,147,2026-04-29T01:17:19Z
TeamNewPipe/NewPipe,https://github.com/TeamNewPipe/NewPipe,37925,2015-09-03T23:39:26Z,2026-04-27T16:26:22Z,1824,979,2026-04-29T01:17:19Z
eugenp/tutorials,https://github.com/eugenp/tutorials,37356,2013-04-29T18:26:36Z,2026-04-27T02:49:02Z,13758,1088,2026-04-29T01:17:19Z
doocs/leetcode,https://github.com/doocs/leetcode,35955,2018-09-16T14:03:03Z,2026-04-28T07:36:22Z,4570,610,2026-04-29T01:17:22Z
netty/netty,https://github.com/netty/netty,34936,2010-11-09T09:22:21Z,2026-04-28T22:02:20Z,5324,731,2026-04-29T01:17:22Z
keycloak/keycloak,https://github.com/keycloak/keycloak,34122,2013-07-02T13:38:51Z,2026-04-29T00:58:19Z,19849,1511,2026-04-29T01:17:22Z
SeleniumHQ/selenium,https://github.com/SeleniumHQ/selenium,34070,2013-01-14T21:40:56Z,2026-04-29T01:09:46Z,3800,809,2026-04-29T01:17:22Z
alibaba/nacos,https://github.com/alibaba/nacos,32909,2018-06-15T06:49:27Z,2026-04-28T06:28:32Z,3541,479,2026-04-29T01:17:22Z
binarywang/WxJava,https://github.com/binarywang/WxJava,32750,2016-01-06T08:24:05Z,2026-04-22T13:30:18Z,1207,89,2026-04-29T01:17:25Z
apache/kafka,https://github.com/apache/kafka,32476,2011-08-15T18:06:16Z,2026-04-28T23:56:46Z,13163,1370,2026-04-29T01:17:25Z
yuliskov/SmartTube,https://github.com/yuliskov/SmartTube,29822,2020-07-28T12:53:52Z,2026-04-28T22:20:28Z,1429,144,2026-04-29T01:17:25Z
apolloconfig/apollo,https://github.com/apolloconfig/apollo,29759,2016-03-04T10:24:23Z,2026-04-18T08:17:42Z,1506,178,2026-04-29T01:17:25Z
alibaba/spring-cloud-alibaba,https://github.com/alibaba/spring-cloud-alibaba,29105,2017-12-01T20:49:15Z,2026-04-20T06:51:44Z,1150,205,2026-04-29T01:17:25Z
alibaba/druid,https://github.com/alibaba/druid,28198,2011-11-03T05:12:51Z,2026-04-22T06:07:52Z,1558,292,2026-04-29T01:17:25Z
Anuken/Mindustry,https://github.com/Anuken/Mindustry,27405,2017-04-30T01:24:29Z,2026-04-27T21:59:21Z,4065,717,2026-04-29T01:17:29Z
kestra-io/kestra,https://github.com/kestra-io/kestra,26770,2019-08-24T13:56:15Z,2026-04-28T21:44:05Z,6935,445,2026-04-29T01:17:29Z
OpenAPITools/openapi-generator,https://github.com/OpenAPITools/openapi-generator,26178,2018-05-12T09:57:56Z,2026-04-28T19:54:54Z,10643,3476,2026-04-29T01:17:29Z
apache/incubator-seata,https://github.com/apache/incubator-seata,25969,2018-12-28T08:37:22Z,2026-04-28T12:16:57Z,2752,402,2026-04-29T01:17:29Z
apache/flink,https://github.com/apache/flink,25967,2014-06-07T07:00:10Z,2026-04-28T12:27:12Z,11308,1368,2026-04-29T01:17:29Z
bazelbuild/bazel,https://github.com/bazelbuild/bazel,25348,2014-06-12T16:00:38Z,2026-04-28T22:21:44Z,2437,1110,2026-04-29T01:17:29Z
jenkinsci/jenkins,https://github.com/jenkinsci/jenkins,25240,2010-11-22T21:21:23Z,2026-04-28T10:30:15Z,9369,1397,2026-04-29T01:17:29Z
libgdx/libgdx,https://github.com/libgdx/libgdx,25045,2012-08-10T19:34:38Z,2026-04-28T16:38:48Z,2805,576,2026-04-29T01:17:29Z
apache/skywalking,https://github.com/apache/skywalking,24792,2015-11-07T03:30:36Z,2026-04-28T15:11:33Z,5018,506,2026-04-29T01:17:29Z
dataease/dataease,https://github.com/dataease/dataease,23864,2021-02-02T04:10:21Z,2026-04-28T08:08:19Z,10717,90,2026-04-29T01:17:31Z
apache/rocketmq,https://github.com/apache/rocketmq,22423,2016-11-30T08:00:08Z,2026-04-28T02:35:52Z,2837,576,2026-04-29T01:17:31Z
thingsboard/thingsboard,https://github.com/thingsboard/thingsboard,21613,2016-12-01T09:33:30Z,2026-04-28T13:56:50Z,5861,215,2026-04-29T01:17:34Z
oracle/graal,https://github.com/oracle/graal,21569,2016-01-14T17:11:35Z,2026-04-28T22:57:13Z,6639,1879,2026-04-29T01:17:34Z
apache/shardingsphere,https://github.com/apache/shardingsphere,20717,2016-01-18T12:49:26Z,2026-04-28T09:50:03Z,24782,642,2026-04-29T01:17:34Z
mybatis/mybatis-3,https://github.com/mybatis/mybatis-3,20417,2013-02-14T19:03:32Z,2026-04-28T22:10:23Z,1590,246,2026-04-29T01:17:34Z
antlr/antlr4,https://github.com/antlr/antlr4,18846,2010-02-04T01:36:28Z,2026-02-16T21:29:09Z,1534,364,2026-04-29T01:17:37Z
openzipkin/zipkin,https://github.com/openzipkin/zipkin,17435,2012-06-06T18:26:16Z,2026-04-08T14:42:17Z,1923,170,2026-04-29T01:17:37Z
questdb/questdb,https://github.com/questdb/questdb,16899,2014-04-28T23:29:15Z,2026-04-29T00:42:13Z,3656,170,2026-04-29T01:17:40Z
prestodb/presto,https://github.com/prestodb/presto,16698,2012-08-09T01:03:37Z,2026-04-28T23:25:20Z,13503,979,2026-04-29T01:17:40Z
neo4j/neo4j,https://github.com/neo4j/neo4j,16393,2012-11-12T08:46:15Z,2026-04-23T07:56:05Z,7936,413,2026-04-29T01:17:40Z
quarkusio/quarkus,https://github.com/quarkusio/quarkus,15644,2018-07-06T00:44:20Z,2026-04-28T19:03:33Z,26008,1189,2026-04-29T01:17:40Z
apache/hadoop,https://github.com/apache/hadoop,15537,2014-08-28T07:00:08Z,2026-04-25T05:55:15Z,4782,694,2026-04-29T01:17:40Z
mockito/mockito,https://github.com/mockito/mockito,15432,2012-10-13T20:27:12Z,2026-04-16T14:28:57Z,1559,309,2026-04-29T01:17:43Z
apache/doris,https://github.com/apache/doris,15276,2017-08-10T12:13:30Z,2026-04-28T13:39:18Z,44610,735,2026-04-29T01:17:43Z
apache/pulsar,https://github.com/apache/pulsar,15217,2016-06-28T07:00:03Z,2026-04-28T17:47:45Z,14516,736,2026-04-29T01:17:43Z
zaproxy/zaproxy,https://github.com/zaproxy/zaproxy,15057,2015-06-03T16:55:01Z,2026-04-28T10:33:43Z,3612,231,2026-04-29T01:17:43Z
elastic/logstash,https://github.com/elastic/logstash,14847,2010-11-18T01:31:50Z,2026-04-28T19:11:52Z,6922,2764,2026-04-29T01:17:43Z
eclipse-vertx/vert.x,https://github.com/eclipse-vertx/vert.x,14657,2011-06-17T14:54:55Z,2026-04-28T16:31:22Z,2197,290,2026-04-29T01:17:46Z
languagetool-org/languagetool,https://github.com/languagetool-org/languagetool,14417,2013-08-08T16:37:22Z,2026-04-28T20:48:04Z,5017,212,2026-04-29T01:17:46Z
GoogleContainerTools/jib,https://github.com/GoogleContainerTools/jib,14380,2018-01-22T18:30:43Z,2026-04-20T15:54:46Z,2340,149,2026-04-29T01:17:46Z
apache/dolphinscheduler,https://github.com/apache/dolphinscheduler,14250,2019-03-01T16:39:25Z,2026-04-28T06:13:45Z,6994,634,2026-04-29T01:17:46Z
deeplearning4j/deeplearning4j,https://github.com/deeplearning4j/deeplearning4j,14227,2013-11-27T02:03:28Z,2026-04-02T01:36:40Z,4104,79,2026-04-29T01:17:46Z
Netflix/zuul,https://github.com/Netflix/zuul,14012,2013-03-13T18:53:57Z,2026-04-27T18:51:13Z,1090,851,2026-04-29T01:17:46Z
apache/druid,https://github.com/apache/druid,13984,2012-10-23T19:08:07Z,2026-04-28T21:19:05Z,11769,668,2026-04-29T01:17:49Z
pinpoint-apm/pinpoint,https://github.com/pinpoint-apm/pinpoint,13822,2014-10-20T09:27:22Z,2026-04-29T01:17:34Z,8088,131,2026-04-29T01:17:49Z
metersphere/metersphere,https://github.com/metersphere/metersphere,13160,2020-02-03T02:06:12Z,2026-03-31T05:49:38Z,22341,100,2026-04-29T01:17:49Z
codecentric/spring-boot-admin,https://github.com/codecentric/spring-boot-admin,12831,2014-07-25T11:39:13Z,2026-04-28T19:46:43Z,3180,185,2026-04-29T01:17:49Z
opensearch-project/OpenSearch,https://github.com/opensearch-project/OpenSearch,12828,2021-01-29T22:10:00Z,2026-04-28T20:55:35Z,11040,511,2026-04-29T01:17:49Z
trinodb/trino,https://github.com/trinodb/trino,12765,2019-01-19T06:38:14Z,2026-04-28T23:52:40Z,15668,1468,2026-04-29T01:17:49Z
LawnchairLauncher/lawnchair,https://github.com/LawnchairLauncher/lawnchair,12677,2017-03-03T13:12:58Z,2026-04-28T22:50:23Z,1764,319,2026-04-29T01:17:52Z
debezium/debezium,https://github.com/debezium/debezium,12665,2016-01-22T20:17:05Z,2026-04-28T12:38:41Z,6051,665,2026-04-29T01:17:52Z
redis/jedis,https://github.com/redis/jedis,12309,2010-06-11T13:04:43Z,2026-04-28T18:32:51Z,1668,265,2026-04-29T01:17:52Z
PaperMC/Paper,https://github.com/PaperMC/Paper,12211,2016-01-22T05:40:19Z,2026-04-27T16:52:49Z,3814,491,2026-04-29T01:17:52Z
grpc/grpc-java,https://github.com/grpc/grpc-java,12008,2014-12-08T19:00:00Z,2026-04-28T23:45:56Z,7588,410,2026-04-29T01:17:55Z
datahub-project/datahub,https://github.com/datahub-project/datahub,11851,2015-11-18T05:47:40Z,2026-04-28T22:49:41Z,12310,726,2026-04-29T01:17:55Z
OpenRefine/OpenRefine,https://github.com/OpenRefine/OpenRefine,11817,2012-10-15T02:22:48Z,2026-04-24T18:56:30Z,3580,404,2026-04-29T01:17:55Z
StarRocks/starrocks,https://github.com/StarRocks/starrocks,11623,2021-09-04T02:29:35Z,2026-04-29T00:44:15Z,52235,561,2026-04-29T01:17:55Z
apereo/cas,https://github.com/apereo/cas,11322,2011-09-09T01:36:42Z,2026-04-29T01:09:57Z,5717,332,2026-04-29T01:17:55Z
Activiti/Activiti,https://github.com/Activiti/Activiti,10529,2012-09-13T11:34:43Z,2026-04-28T22:59:42Z,1983,225,2026-04-29T01:17:58Z
SonarSource/sonarqube,https://github.com/SonarSource/sonarqube,10483,2011-01-05T11:05:17Z,2026-04-27T20:27:59Z,2188,315,2026-04-29T01:17:58Z
awsdocs/aws-doc-sdk-examples,https://github.com/awsdocs/aws-doc-sdk-examples,10398,2016-08-18T19:06:57Z,2026-04-24T13:31:46Z,4736,396,2026-04-29T01:18:01Z
OpenFeign/feign,https://github.com/OpenFeign/feign,9781,2013-06-26T23:28:16Z,2026-04-28T05:59:43Z,1786,284,2026-04-29T01:18:01Z
spinnaker/spinnaker,https://github.com/spinnaker/spinnaker,9719,2014-07-02T19:02:36Z,2026-04-24T16:08:10Z,1914,779,2026-04-29T01:18:01Z
spring-projects/spring-security,https://github.com/spring-projects/spring-security,9500,2012-01-10T21:50:57Z,2026-04-27T03:08:32Z,3553,901,2026-04-29T01:18:01Z
apache/seatunnel,https://github.com/apache/seatunnel,9288,2017-08-05T09:14:47Z,2026-04-27T18:24:28Z,4584,452,2026-04-29T01:18:04Z
flowable/flowable-engine,https://github.com/flowable/flowable-engine,9224,2016-10-13T07:21:43Z,2026-04-24T21:26:13Z,2177,276,2026-04-29T01:18:04Z
HMCL-dev/HMCL,https://github.com/HMCL-dev/HMCL,9159,2015-06-22T08:06:03Z,2026-04-27T13:25:50Z,2268,122,2026-04-29T01:18:04Z
checkstyle/checkstyle,https://github.com/checkstyle/checkstyle,8927,2013-08-31T02:05:05Z,2026-04-28T19:02:17Z,9262,537,2026-04-29T01:18:04Z
apache/shenyu,https://github.com/apache/shenyu,8800,2018-07-11T08:17:45Z,2026-04-27T11:28:13Z,3243,443,2026-04-29T01:18:07Z
apache/iceberg,https://github.com/apache/iceberg,8792,2018-11-19T16:26:46Z,2026-04-28T17:44:07Z,8300,774,2026-04-29T01:18:07Z
testcontainers/testcontainers-java,https://github.com/testcontainers/testcontainers-java,8632,2015-04-12T12:44:59Z,2026-04-24T17:49:04Z,5399,507,2026-04-29T01:18:07Z
dropwizard/dropwizard,https://github.com/dropwizard/dropwizard,8584,2011-01-19T19:52:29Z,2026-04-28T23:56:09Z,7486,404,2026-04-29T01:18:07Z
apache/beam,https://github.com/apache/beam,8556,2016-02-02T08:00:06Z,2026-04-28T23:56:42Z,21534,1344,2026-04-29T01:18:10Z
pentaho/pentaho-kettle,https://github.com/pentaho/pentaho-kettle,8339,2013-10-08T18:27:11Z,2026-04-28T17:31:59Z,9283,295,2026-04-29T01:18:10Z
Graylog2/graylog2-server,https://github.com/Graylog2/graylog2-server,8023,2010-05-17T21:27:02Z,2026-04-29T00:05:24Z,14147,177,2026-04-29T01:18:13Z
dropwizard/metrics,https://github.com/dropwizard/metrics,7849,2010-02-26T19:44:42Z,2026-04-28T21:59:36Z,3370,209,2026-04-29T01:18:13Z
AntennaPod/AntennaPod,https://github.com/AntennaPod/AntennaPod,7836,2012-07-31T10:25:08Z,2026-04-27T20:04:25Z,3132,385,2026-04-29T01:18:13Z
MinecraftForge/MinecraftForge,https://github.com/MinecraftForge/MinecraftForge,7594,2012-01-30T01:35:01Z,2026-04-27T17:45:17Z,3217,488,2026-04-29T01:18:15Z
dependency-check/DependencyCheck,https://github.com/dependency-check/DependencyCheck,7525,2012-09-03T20:43:30Z,2026-04-27T01:23:36Z,2675,320,2026-04-29T01:18:15Z
swagger-api/swagger-core,https://github.com/swagger-api/swagger-core,7522,2011-07-05T23:44:11Z,2026-04-28T14:58:40Z,1549,281,2026-04-29T01:18:15Z
enso-org/enso,https://github.com/enso-org/enso,7434,2016-12-16T17:23:37Z,2026-04-28T20:42:06Z,6365,52,2026-04-29T01:18:15Z
gocd/gocd,https://github.com/gocd/gocd,7389,2013-12-13T05:26:16Z,2026-04-27T02:52:31Z,8854,137,2026-04-29T01:18:15Z
wiremock/wiremock,https://github.com/wiremock/wiremock,7225,2011-10-09T20:27:24Z,2026-04-28T19:58:24Z,1234,260,2026-04-29T01:18:15Z
apache/hertzbeat,https://github.com/apache/hertzbeat,7190,2022-02-04T14:48:56Z,2026-04-21T07:08:13Z,2546,314,2026-04-29T01:18:15Z
google/error-prone,https://github.com/google/error-prone,7164,2014-08-21T23:26:50Z,2026-04-28T19:14:16Z,2352,241,2026-04-29T01:18:18Z
logisim-evolution/logisim-evolution,https://github.com/logisim-evolution/logisim-evolution,7046,2014-09-19T05:23:24Z,2026-04-21T03:52:09Z,1155,142,2026-04-29T01:18:18Z
junit-team/junit-framework,https://github.com/junit-team/junit-framework,7003,2015-01-11T19:06:10Z,2026-04-29T00:23:49Z,2000,258,2026-04-29T01:18:18Z
vespa-engine/vespa,https://github.com/vespa-engine/vespa,6900,2016-06-03T20:54:20Z,2026-04-28T21:43:06Z,33868,103,2026-04-29T01:18:20Z
microsoft/PowerToys,https://github.com/microsoft/PowerToys,132122,2019-05-01T17:44:02Z,2026-04-29T00:18:43Z,6552,623,2026-04-29T01:18:23Z
PowerShell/PowerShell,https://github.com/PowerShell/PowerShell,53201,2016-01-13T23:41:35Z,2026-04-28T23:07:04Z,8283,488,2026-04-29T01:18:23Z
jellyfin/jellyfin,https://github.com/jellyfin/jellyfin,50841,2018-12-09T06:36:45Z,2026-04-28T18:32:17Z,5278,1389,2026-04-29T01:18:23Z
files-community/Files,https://github.com/files-community/Files,43192,2019-01-04T18:19:14Z,2026-04-28T23:17:04Z,5589,302,2026-04-29T01:18:23Z
dotnet/aspnetcore,https://github.com/dotnet/aspnetcore,37872,2014-03-11T06:09:42Z,2026-04-28T20:40:02Z,18981,3416,2026-04-29T01:18:23Z
AvaloniaUI/Avalonia,https://github.com/AvaloniaUI/Avalonia,30662,2013-12-05T20:13:21Z,2026-04-28T14:30:19Z,5803,546,2026-04-29T01:18:23Z
microsoft/semantic-kernel,https://github.com/microsoft/semantic-kernel,27803,2023-02-27T17:39:42Z,2026-04-28T16:03:53Z,5501,440,2026-04-29T01:18:26Z
dotnet/maui,https://github.com/dotnet/maui,23240,2020-05-08T18:11:05Z,2026-04-28T21:44:29Z,10670,2758,2026-04-29T01:18:26Z
Devolutions/UniGetUI,https://github.com/Devolutions/UniGetUI,23222,2021-06-15T12:57:58Z,2026-04-28T21:01:28Z,1620,265,2026-04-29T01:18:26Z
dotnet/roslyn,https://github.com/dotnet/roslyn,20386,2015-01-11T02:39:03Z,2026-04-29T00:26:56Z,38715,2792,2026-04-29T01:18:26Z
Unity-Technologies/ml-agents,https://github.com/Unity-Technologies/ml-agents,19361,2017-09-08T21:09:04Z,2026-04-17T17:41:00Z,2751,195,2026-04-29T01:18:29Z
QuantConnect/Lean,https://github.com/QuantConnect/Lean,18672,2014-11-28T04:20:19Z,2026-04-24T21:39:21Z,4906,220,2026-04-29T01:18:29Z
bitwarden/server,https://github.com/bitwarden/server,18503,2015-11-23T23:45:33Z,2026-04-28T22:50:13Z,4957,242,2026-04-29T01:18:29Z
ppy/osu,https://github.com/ppy/osu,18263,2014-07-31T04:26:30Z,2026-04-28T13:12:09Z,12849,538,2026-04-29T01:18:29Z
dotnet/runtime,https://github.com/dotnet/runtime,17845,2019-09-24T23:36:39Z,2026-04-29T01:07:18Z,44945,4383,2026-04-29T01:18:32Z
OpenRA/OpenRA,https://github.com/OpenRA/OpenRA,16653,2010-10-04T07:38:05Z,2026-04-25T15:06:14Z,8894,339,2026-04-29T01:18:32Z
MaterialDesignInXAML/MaterialDesignInXamlToolkit,https://github.com/MaterialDesignInXAML/MaterialDesignInXamlToolkit,16122,2015-02-07T23:30:48Z,2026-04-27T00:44:18Z,1573,194,2026-04-29T01:18:32Z
Jackett/Jackett,https://github.com/Jackett/Jackett,15264,2015-10-29T16:23:19Z,2026-04-28T17:19:37Z,3307,490,2026-04-29T01:18:32Z
dotnet/efcore,https://github.com/dotnet/efcore,14637,2014-01-23T00:52:01Z,2026-04-28T18:11:48Z,12458,2554,2026-04-29T01:18:32Z
Flow-Launcher/Flow.Launcher,https://github.com/Flow-Launcher/Flow.Launcher,14550,2020-04-21T08:12:15Z,2026-04-28T20:47:25Z,1602,157,2026-04-29T01:18:32Z
duplicati/duplicati,https://github.com/duplicati/duplicati,14501,2014-08-05T08:28:16Z,2026-04-24T14:02:09Z,2091,187,2026-04-29T01:18:32Z
abpframework/abp,https://github.com/abpframework/abp,14233,2016-12-03T22:56:24Z,2026-04-28T11:28:53Z,13027,407,2026-04-29T01:18:34Z
App-vNext/Polly,https://github.com/App-vNext/Polly,14154,2013-05-05T04:40:04Z,2026-04-24T18:44:55Z,1938,122,2026-04-29T01:18:34Z
MonoGame/MonoGame,https://github.com/MonoGame/MonoGame,13812,2011-04-07T00:23:40Z,2026-04-28T19:36:17Z,3875,404,2026-04-29T01:18:34Z
Sonarr/Sonarr,https://github.com/Sonarr/Sonarr,13730,2011-09-27T05:57:16Z,2026-04-27T01:35:40Z,2184,572,2026-04-29T01:18:34Z
Radarr/Radarr,https://github.com/Radarr/Radarr,13538,2016-12-25T11:38:26Z,2026-04-19T17:29:35Z,2273,800,2026-04-29T01:18:34Z
dotnet/AspNetCore.Docs,https://github.com/dotnet/AspNetCore.Docs,13089,2014-12-19T17:38:02Z,2026-04-28T23:50:11Z,17793,4086,2026-04-29T01:18:37Z
SubtitleEdit/subtitleedit,https://github.com/SubtitleEdit/subtitleedit,12736,2014-02-03T08:17:41Z,2026-04-28T17:30:08Z,2938,134,2026-04-29T01:18:37Z
dotnet/csharplang,https://github.com/dotnet/csharplang,12582,2016-12-09T01:45:27Z,2026-04-28T19:54:04Z,1689,2359,2026-04-29T01:18:37Z
aspnetboilerplate/aspnetboilerplate,https://github.com/aspnetboilerplate/aspnetboilerplate,11981,2013-08-18T20:45:08Z,2026-04-28T13:19:14Z,1125,192,2026-04-29T01:18:37Z
dotnet/BenchmarkDotNet,https://github.com/dotnet/BenchmarkDotNet,11410,2013-08-18T06:17:48Z,2026-04-27T18:38:06Z,1112,281,2026-04-29T01:18:40Z
gui-cs/Terminal.Gui,https://github.com/gui-cs/Terminal.Gui,10947,2017-12-11T03:23:45Z,2026-04-29T01:08:21Z,2051,127,2026-04-29T01:18:40Z
dotnet/orleans,https://github.com/dotnet/orleans,10761,2014-12-19T14:32:50Z,2026-04-29T00:11:21Z,5036,2582,2026-04-29T01:18:43Z
Kareadita/Kavita,https://github.com/Kareadita/Kavita,10425,2020-12-12T22:23:54Z,2026-04-28T22:02:43Z,1579,245,2026-04-29T01:18:43Z
MudBlazor/MudBlazor,https://github.com/MudBlazor/MudBlazor,10353,2020-08-18T10:47:27Z,2026-04-28T21:38:17Z,4036,509,2026-04-29T01:18:43Z
unoplatform/uno,https://github.com/unoplatform/uno,9917,2018-05-07T11:52:27Z,2026-04-29T00:55:11Z,10514,333,2026-04-29T01:18:45Z
MahApps/MahApps.Metro,https://github.com/MahApps/MahApps.Metro,9781,2011-10-16T04:16:10Z,2026-04-15T07:11:53Z,1106,163,2026-04-29T01:18:45Z
dotnet/yarp,https://github.com/dotnet/yarp,9490,2020-03-05T18:10:21Z,2026-04-28T13:18:49Z,1318,2427,2026-04-29T01:18:48Z
dotnet/machinelearning,https://github.com/dotnet/machinelearning,9329,2018-05-03T16:20:42Z,2026-04-27T05:03:58Z,2921,2393,2026-04-29T01:18:51Z
JeffreySu/WeiXinMPSDK,https://github.com/JeffreySu/WeiXinMPSDK,8853,2013-01-11T13:52:44Z,2026-04-24T06:30:42Z,1970,136,2026-04-29T01:18:51Z
reactiveui/ReactiveUI,https://github.com/reactiveui/ReactiveUI,8471,2010-06-11T05:24:29Z,2026-04-27T04:30:51Z,2069,182,2026-04-29T01:18:51Z
gitextensions/gitextensions,https://github.com/gitextensions/gitextensions,8427,2008-12-06T09:18:59Z,2026-04-26T20:24:58Z,4636,399,2026-04-29T01:18:51Z
OrchardCMS/OrchardCore,https://github.com/OrchardCMS/OrchardCore,8074,2014-11-19T22:29:26Z,2026-04-28T22:06:55Z,7069,320,2026-04-29T01:18:53Z
SixLabors/ImageSharp,https://github.com/SixLabors/ImageSharp,7961,2016-10-28T04:46:36Z,2026-04-26T13:39:25Z,1289,170,2026-04-29T01:18:53Z
elsa-workflows/elsa-core,https://github.com/elsa-workflows/elsa-core,7714,2018-10-01T19:43:12Z,2026-04-28T14:27:16Z,1745,181,2026-04-29T01:18:56Z
dotnet/wpf,https://github.com/dotnet/wpf,7625,2018-10-19T01:55:23Z,2026-04-28T16:09:43Z,7490,2325,2026-04-29T01:18:56Z
stride3d/stride,https://github.com/stride3d/stride,7582,2018-06-08T05:25:16Z,2026-04-28T13:06:54Z,1122,157,2026-04-29T01:18:56Z
btcpayserver/btcpayserver,https://github.com/btcpayserver/btcpayserver,7535,2017-08-18T12:57:05Z,2026-04-29T00:53:16Z,3119,193,2026-04-29T01:18:56Z
RicoSuter/NSwag,https://github.com/RicoSuter/NSwag,7317,2015-09-02T19:11:57Z,2026-04-22T22:09:02Z,1074,312,2026-04-29T01:18:56Z
NLog/NLog,https://github.com/NLog/NLog,6539,2012-09-12T13:49:29Z,2026-04-23T17:42:49Z,2794,190,2026-04-29T01:19:01Z
ScottPlot/ScottPlot,https://github.com/ScottPlot/ScottPlot,6534,2018-01-04T03:34:45Z,2026-03-29T21:44:45Z,1331,190,2026-04-29T01:19:01Z
Prowlarr/Prowlarr,https://github.com/Prowlarr/Prowlarr,6439,2020-10-18T04:26:27Z,2026-04-12T16:40:12Z,1013,398,2026-04-29T01:19:01Z
ant-design-blazor/ant-design-blazor,https://github.com/ant-design-blazor/ant-design-blazor,6176,2019-11-26T05:25:02Z,2026-04-16T08:55:15Z,2189,243,2026-04-29T01:19:04Z
MirrorNetworking/Mirror,https://github.com/MirrorNetworking/Mirror,6153,2018-07-20T18:37:41Z,2026-04-13T16:03:30Z,2162,128,2026-04-29T01:19:04Z
microsoft/MixedRealityToolkit-Unity,https://github.com/microsoft/MixedRealityToolkit-Unity,6067,2016-01-28T18:54:58Z,2026-04-26T00:14:10Z,5080,173,2026-04-29T01:19:04Z
graphql-dotnet/graphql-dotnet,https://github.com/graphql-dotnet/graphql-dotnet,5980,2015-07-06T16:47:15Z,2026-04-24T22:16:21Z,2083,173,2026-04-29T01:19:07Z
Azure/azure-sdk-for-net,https://github.com/Azure/azure-sdk-for-net,5979,2011-12-06T23:32:47Z,2026-04-29T01:13:34Z,29771,4268,2026-04-29T01:19:07Z
actions/runner,https://github.com/actions/runner,5976,2019-04-30T15:26:10Z,2026-04-28T17:41:39Z,1329,173,2026-04-29T01:19:07Z
kurrent-io/KurrentDB,https://github.com/kurrent-io/KurrentDB,5780,2012-09-17T17:22:49Z,2026-04-28T20:02:39Z,3415,148,2026-04-29T01:19:10Z
ChilliCream/graphql-platform,https://github.com/ChilliCream/graphql-platform,5689,2018-01-11T13:12:21Z,2026-04-28T23:14:14Z,4542,330,2026-04-29T01:19:10Z
dotnet/msbuild,https://github.com/dotnet/msbuild,5511,2015-03-12T02:04:46Z,2026-04-28T18:47:11Z,6225,2447,2026-04-29T01:19:13Z
domaindrivendev/Swashbuckle.AspNetCore,https://github.com/domaindrivendev/Swashbuckle.AspNetCore,5477,2015-03-16T05:49:00Z,2026-04-28T15:25:59Z,1135,243,2026-04-29T01:19:13Z
mono/SkiaSharp,https://github.com/mono/SkiaSharp,5346,2016-02-22T17:54:43Z,2026-04-28T23:19:53Z,1105,110,2026-04-29T01:19:13Z
tModLoader/tModLoader,https://github.com/tModLoader/tModLoader,5276,2015-07-21T05:30:07Z,2026-04-28T02:32:52Z,1598,246,2026-04-29T01:19:13Z
Lidarr/Lidarr,https://github.com/Lidarr/Lidarr,5271,2017-05-06T14:25:41Z,2026-04-19T00:18:00Z,1150,485,2026-04-29T01:19:15Z
umbraco/Umbraco-CMS,https://github.com/umbraco/Umbraco-CMS,5161,2013-06-10T13:50:46Z,2026-04-28T18:09:08Z,11373,748,2026-04-29T01:19:15Z
openiddict/openiddict-core,https://github.com/openiddict/openiddict-core,5129,2015-08-21T19:21:48Z,2026-04-27T12:59:02Z,1203,70,2026-04-29T01:19:15Z
akkadotnet/akka.net,https://github.com/akkadotnet/akka.net,5045,2013-12-29T14:17:38Z,2026-04-26T18:41:37Z,4563,277,2026-04-29T01:19:17Z
dotnet/Silk.NET,https://github.com/dotnet/Silk.NET,5021,2019-06-10T19:23:59Z,2026-04-20T00:09:19Z,1269,118,2026-04-29T01:19:17Z
kwsch/PKHeX,https://github.com/kwsch/PKHeX,4841,2014-06-28T21:20:30Z,2026-04-28T13:09:53Z,1360,193,2026-04-29T01:19:24Z
dotnet/winforms,https://github.com/dotnet/winforms,4783,2018-10-19T01:54:02Z,2026-04-28T03:49:38Z,9630,687,2026-04-29T01:19:24Z
microsoft/fluentui-blazor,https://github.com/microsoft/fluentui-blazor,4717,2021-03-15T21:48:18Z,2026-04-25T15:44:03Z,1651,133,2026-04-29T01:19:24Z
Azure/azure-powershell,https://github.com/Azure/azure-powershell,4708,2014-09-10T20:35:18Z,2026-04-28T14:31:41Z,15673,10000,2026-04-29T01:19:24Z
microsoft/perfview,https://github.com/microsoft/perfview,4668,2015-03-27T21:48:45Z,2026-04-24T00:42:37Z,1377,706,2026-04-29T01:19:24Z
dotnetcore/BootstrapBlazor,https://github.com/dotnetcore/BootstrapBlazor,4638,2020-03-20T10:37:54Z,2026-04-28T12:30:57Z,3451,201,2026-04-29T01:19:24Z
sebastienros/jint,https://github.com/sebastienros/jint,4618,2014-01-10T01:51:04Z,2026-04-28T18:50:19Z,1150,145,2026-04-29T01:19:27Z
dotnet/Open-XML-SDK,https://github.com/dotnet/Open-XML-SDK,4489,2014-06-05T16:11:17Z,2026-04-28T21:33:01Z,1041,2269,2026-04-29T01:19:27Z
grpc/grpc-dotnet,https://github.com/grpc/grpc-dotnet,4466,2018-11-28T18:44:09Z,2026-04-23T06:42:50Z,1137,83,2026-04-29T01:19:27Z
dotnet/docfx,https://github.com/dotnet/docfx,4426,2015-06-24T19:43:53Z,2026-04-22T18:53:51Z,7176,2435,2026-04-29T01:19:30Z
Xabaril/AspNetCore.Diagnostics.HealthChecks,https://github.com/Xabaril/AspNetCore.Diagnostics.HealthChecks,4356,2018-09-27T10:50:21Z,2026-04-24T23:29:25Z,1078,164,2026-04-29T01:19:32Z
cake-build/cake,https://github.com/cake-build/cake,4170,2014-05-23T09:26:54Z,2026-04-08T15:08:37Z,1550,232,2026-04-29T01:19:35Z
Ombi-app/Ombi,https://github.com/Ombi-app/Ombi,4069,2016-02-25T12:14:54Z,2026-04-26T08:47:03Z,1008,129,2026-04-29T01:19:38Z
riok/mapperly,https://github.com/riok/mapperly,4047,2022-02-14T09:13:56Z,2026-04-20T19:22:09Z,1072,55,2026-04-29T01:19:38Z
ravendb/ravendb,https://github.com/ravendb/ravendb,3942,2010-03-02T11:05:30Z,2026-04-28T11:14:03Z,19104,270,2026-04-29T01:19:38Z
picoe/Eto,https://github.com/picoe/Eto,3927,2011-06-02T05:40:38Z,2026-04-24T19:40:19Z,1279,68,2026-04-29T01:19:38Z
MvvmCross/MvvmCross,https://github.com/MvvmCross/MvvmCross,3914,2011-11-28T22:45:55Z,2026-04-27T08:54:43Z,2072,332,2026-04-29T01:19:38Z
hardkoded/puppeteer-sharp,https://github.com/hardkoded/puppeteer-sharp,3881,2017-09-30T20:32:25Z,2026-04-28T16:31:49Z,1509,87,2026-04-29T01:19:38Z
fluentassertions/fluentassertions,https://github.com/fluentassertions/fluentassertions,3813,2013-07-28T10:35:25Z,2026-04-28T07:30:48Z,1742,224,2026-04-29T01:19:40Z
stakira/OpenUtau,https://github.com/stakira/OpenUtau,3783,2014-11-27T06:55:34Z,2026-04-23T19:46:45Z,1067,110,2026-04-29T01:19:40Z
OpenTabletDriver/OpenTabletDriver,https://github.com/OpenTabletDriver/OpenTabletDriver,3750,2019-09-30T02:58:36Z,2026-04-28T20:06:25Z,1990,122,2026-04-29T01:19:40Z
microsoft/kiota,https://github.com/microsoft/kiota,3717,2020-12-22T15:35:49Z,2026-04-28T18:24:25Z,5515,131,2026-04-29T01:19:44Z
dotnet/samples,https://github.com/dotnet/samples,3707,2018-01-30T17:41:39Z,2026-04-28T23:26:09Z,5049,2595,2026-04-29T01:19:44Z
open-telemetry/opentelemetry-dotnet,https://github.com/open-telemetry/opentelemetry-dotnet,3691,2019-05-07T21:05:33Z,2026-04-28T13:24:41Z,4033,232,2026-04-29T01:19:44Z
npgsql/npgsql,https://github.com/npgsql/npgsql,3680,2011-11-30T14:13:32Z,2026-04-28T21:56:02Z,1992,210,2026-04-29T01:19:44Z
dotnet/command-line-api,https://github.com/dotnet/command-line-api,3657,2018-04-17T16:33:31Z,2026-04-25T07:16:46Z,1042,2318,2026-04-29T01:19:47Z
elastic/elasticsearch-net,https://github.com/elastic/elasticsearch-net,3647,2010-09-27T13:55:00Z,2026-04-28T14:52:50Z,5208,2544,2026-04-29T01:19:47Z
space-wizards/space-station-14,https://github.com/space-wizards/space-station-14,3598,2017-05-22T01:57:51Z,2026-04-28T19:41:31Z,23417,1359,2026-04-29T01:19:47Z
PintaProject/Pinta,https://github.com/PintaProject/Pinta,3537,2011-09-09T23:24:17Z,2026-04-28T01:03:46Z,1372,149,2026-04-29T01:19:50Z
neo-project/neo,https://github.com/neo-project/neo,3534,2015-05-31T17:02:33Z,2026-04-25T11:01:52Z,2083,72,2026-04-29T01:19:50Z
Megabit/Blazorise,https://github.com/Megabit/Blazorise,3515,2018-12-01T18:18:09Z,2026-04-28T09:44:01Z,2035,117,2026-04-29T01:19:50Z
